<?xml version="1.0" encoding="UTF-8"?>

<!-- This is version 3 of the landmark list XML file type. -->

<!DOCTYPE landmarklist [

<!ELEMENT landmarklist ( version,oblate?,landmark* ) >

<!-- Version of Mars24 for which the current landmark list was first created. -->
<!ELEMENT version (#PCDATA)>
<!ATTLIST version
          value CDATA #REQUIRED>

<!-- Geometrical flattening of the planetary body, as applied in Allison 2015 (unsubmitted)
     to make conversion between planetocentric and planetographic coordinates. -->
<!ELEMENT oblate (#PCDATA)>
<!ATTLIST oblate
          value CDATA #REQUIRED>

<!-- The landmark fields. -->
<!ELEMENT landmark ( name, code, coords, xcoords, type, notes? )>
<!ATTLIST landmark
          marked CDATA #IMPLIED>

<!ELEMENT name (#PCDATA)>

<!-- Mars24 distinguishes landmark types, by sorting and by color, between
     "active lander", "planned lander", "past lander", "crash site", and
     "surface feature".
	 Anything else is treated as "unknown". -->
<!ELEMENT type (#PCDATA)>

<!-- Code is an abbreviation used to tag the landmark when it is marked on the
     sunclock map. Should not be longer than 3-5 characters. -->
<!ELEMENT code (#PCDATA)>

<!-- Longitude and latitude. Coordinates may be either "pg" for 
	 planetographic or "pc" for planetocentric mode.
	 If not specified, then planetographic is assumed.
     The obvious difference between p'graphic and p'centric coordinates is in sign of the longitude
     (p'centric is east positive), but the latitude may vary by as much as a few tenths of a degree
     (none at equator and poles, maximum at 45deg N/S), depending on oblateness of the body. -->
<!ELEMENT coords (#PCDATA)>
<!ATTLIST coords
          scheme CDATA #IMPLIED
          lon CDATA #REQUIRED
          lat CDATA #REQUIRED>

<!ELEMENT xcoords (#PCDATA)>
<!ATTLIST xcoords
          scheme CDATA #IMPLIED
          lon CDATA #REQUIRED
          lat CDATA #REQUIRED>

<!ELEMENT notes (#PCDATA)>

]>

<landmarklist>

<!-- List last updated for Mars24 version ...? -->
<version value="8.0" />

<!-- Mars's oblateness factor, used by landmark code to convert between
     planetocentric and planetographic corrdinates. -->
<oblate value="0.0064763" />



<!-- Active lander sites, in reverse chrono order. -->
  <landmark marked="true">
    <name>Mars InSight site</name>
    <code>NSYT</code>
    <coords scheme="pc" lon="135.623447" lat="4.502384" />
    <type>active lander site</type>
    <notes>Landed Nov. 26, 2018.
      Longitude and latitude (p'c) per B. Semenov e-mail Apr. 1, 2019.</notes>
  </landmark>
  <landmark marked="true">
    <name>MSL Curiosity site</name>
    <code>MSL</code>
    <coords scheme="pc" lon="137.441635" lat="-4.589465" />
    <type>active lander site</type>
	<notes>AKA, Bradbury Landing.
      Landed Aug. 6, 2012.
	  Longitude and latitude (p'c) per J. Crisp e-mail Aug. 7, 2012.
      Vasavada et al. 2014 (doi:10.1002/2014JE004622) provide same values at less fine resolution.</notes>
  </landmark>

<!-- Active (?) lander sites.-->



<!-- Other successfu, lander sites, in reverse chrono order. -->
  <landmark>
    <name>Mars Phoenix site</name>
    <code>PHX</code>
    <coords scheme="pc" lon="234.24845" lat="68.21878" />
    <type>past lander site</type>
	<notes>Landed May 25, 2008.
	  Longitude and latitude (p'c) per D. Bass e-mail May 31, 2008.
	  Prior to post-landing announcement, Mars24 used the "CSZ_032708"
	  target coordinates of 233.975E 68.151N (p'c).
      </notes>
  </landmark>

  <landmark>
    <name>MER-B Opportunity site</name>
    <code>MERB</code>
    <coords scheme="pc" lon="354.47417" lat="-1.9483" />
    <type>past lander site</type>
    <notes>AKA, Challenger Memorial Station.
      Landed Jan. 25, 2004.
      Longitude and latitude per Li et al. 2005 (doi:10.14358/PERS.71.10.1129).
      Note that Kuchynka et al. 2014 give coordinates -5.35714E -2.22922N.
      </notes>
  </landmark>

  <landmark>
    <name>MER-A Spirit site</name>
    <code>MERA</code>
    <coords scheme="pc" lon="175.47848" lat="-14.571892" />
    <type>past lander site</type>
	<notes>AKA, Columbia Memorial Station.
	  Landed Jan. 4, 2004; last communication Mar. 22, 2010.
      Longitude and latitude per Li et al. 2005 (doi:10.14358/PERS.71.10.1129).
      Note that Kuchynka et al. 2014 give coordinates 175.5271E -14.60762N.
      </notes>
  </landmark>

  <landmark>
    <name>Mars Pathfinder site</name>
    <code>MPF</code>
    <coords scheme="pc" lon="326.74576" lat="19.09985" />
    <type>past lander site</type>
	<notes>AKA, Carl Sagan Memorial Station.
	  Landed July 4, 1997; last communication Sep. 27, 1977.
	  Coordinates per Kuchynka 2014 (doi:10.1016/j.icarus.2013.11.015).
      </notes>
  </landmark>

  <landmark>
    <name>Viking Lander 2 site</name>
    <code>VL2</code>
    <coords scheme="pc" lon="134.2803" lat="47.6698" />
    <type>past lander site</type>
	<notes>AKA, Gerald Soffen Memorial Station.
	  Landed Sep. 3, 1976; last communication Apr. 11, 1980.
	  Coordinates per Kuchynka 2014 (doi:10.1016/j.icarus.2013.11.015).
      </notes>
  </landmark>
  <landmark>
    <name>Viking Lander 1 site</name>
    <code>VL1</code>
    <coords scheme="pc" lon="312.04863" lat="22.2715" />
    <type>past lander site</type>
	<notes>AKA, Thomas Mutch Memorial Station.
	  Landed July 20, 1976; last communication Nov. 13, 1982.
	  Coordinates per Kuchynka 2014 (doi:10.1016/j.icarus.2013.11.015).
      </notes>
  </landmark>



<!-- Past unsuccessful landers, in reverse chrono order. -->
  <landmark>
    <name>Beagle 2 site</name>
    <code>BEA</code>
    <coords scheme="pg" lon="269.5" lat="11.6" />
    <type>lander crash site</type>
	<notes>Planned landing was Dec. 25, 2003.
	  Communication never re-established after separation from Mars Express orbiter. It was announced
      in January 2015 that the probe had been found about five km from its target landing site,
      apparently intact.</notes>
  </landmark>
  <landmark>
    <!-- <name>ExoMars '16 Schiaparelli site</name> -->
    <name>ExoMars Schiaparelli site</name>
    <code>EDM</code>
    <coords scheme="pc" lon="353.79" lat="-2.07" />
    <type>lander crash site</type>
	<notes>Planned landing on Oct. 19, 2016.
	  Coordinates per NASA news release regarding imagery of likely crash site.</notes>
  </landmark>
  <landmark>
    <name>Mars Polar Lander site</name>
    <code>MPL</code>
    <coords scheme="pg" lon="195.3" lat="-76.1" />
    <type>lander crash site</type>
	<notes>Planned landing was Dec. 3, 1999.
	  Presumed to have crashed due to premature engine shutdown.
	  Also carried two small Deep Space 2 microprobes to be dropped during descent and
      which presumably impacted at approx. -196.5&#176;E, 75.0&#176;S.</notes>
  </landmark>
  <landmark>
    <name>Mars 6 site</name>
    <code>M6</code>
    <coords scheme="pg" lon="19.42" lat="-23.9" />
    <type>lander crash site</type>
	<notes>Planned landing was Mar. 12, 1974.</notes>
  </landmark>
  <landmark>
    <name>Mars 3 site</name>
    <code>M3</code>
    <coords scheme="pc" lon="202." lat="-45." />
    <type>lander crash site</type>
	<notes>Planned landing was Dec. 2, 1971.</notes>
  </landmark>
  <landmark>
    <name>Mars 2 site</name>
    <code>M2</code>
    <coords scheme="pc" lon="47" lat="-45." />
    <type>lander crash site</type>
	<notes>Planned landing was Nov. 27, 1971.</notes>
  </landmark>

<!-- planned lander sites -->
  <landmark marked="true">
    <name>Jezero Crater</name>
    <code>Jez</code>
    <coords scheme="pc" lon="77.30" lat="18.3" />
    <type>crater</type>
    <notes>Planned landing site for NASA Mars 2020 in early 2021.
      Rough coordinates per news release graphics.</notes>
  </landmark>
  <landmark marked="true">
    <name>Oxia Planum</name>
    <code>Oxia</code>
    <coords scheme="pc" lon="-24.5" lat="18.3" />
    <type>surface feature</type>
    <notes>Planned landing site for ESA/Roscosmos ExoMars 2020 in early 2021.
      Rough coordinates per news release graphics.</notes>
  </landmark>

<!-- Following is a selection of Mars surface features.
     See USGS Gazetteer of Planetary Nomenclature for lon-lat coordinates if
     you wish to add more.
     http://planetarynames.wr.usgs.gov/mars/marsTOC.html -->

<!-- Albedo Feature -->
  <landmark>
    <name>Syrtis Major</name>
    <code>Syr</code>
    <coords scheme="pc" lon="70." lat="9.88" />
    <type>surface feature</type>
  </landmark>

<!-- Crater -->
  <landmark>
    <name>Airy Crater</name>
    <code>Airy</code>
    <coords scheme="pc" lon="0." lat="-5.14" />
    <type>crater</type>
  </landmark>
  <landmark>
    <name>Antoniadi Crater</name>
    <code>Ant</code>
    <coords scheme="pc" lon="60.83" lat="21.38" />
    <type>crater</type>
  </landmark>
  <landmark>
    <name>Cassini Crater</name>
    <code>Cas</code>
    <coords scheme="pc" lon="32.11" lat="23.35" />
    <type>crater</type>
  </landmark>
  <landmark>
    <name>Copernicus Crater</name>
    <code>Cop</code>
    <coords scheme="pc" lon="191.17" lat="48.84" />
    <type>crater</type>
  </landmark>
  <landmark>
    <name>Dollfus Crater</name>
    <code>Dol</code>
    <coords scheme="pc" lon="355.74" lat="-21.59" />
    <type>crater</type>
  </landmark>
  <landmark>
    <name>Greeley Crater</name>
    <code>Gre</code>
    <coords scheme="pc" lon="3.92" lat="-36.79" />
    <type>crater</type>
  </landmark>
  <landmark>
    <name>Herschel Crater</name>
    <code>Her</code>
    <coords scheme="pc" lon="129.89" lat="-14.48" />
    <type>crater</type>
  </landmark>
  <landmark>
    <name>Huygens Crater</name>
    <code>Huy</code>
    <coords scheme="pc" lon="55.58" lat="-13.88" />
    <type>crater</type>
  </landmark>

  <landmark>
    <name>Kepler Crater</name>
    <code>Kep</code>
    <coords scheme="pc" lon="140.98" lat="-46.69" />
    <type>crater</type>
  </landmark>
  <landmark>
    <name>Koval'sky Crater</name>
    <code>Kov</code>
    <coords scheme="pc" lon="218.46" lat="-29.56" />
    <type>crater</type>
  </landmark>
  <landmark>
    <name>Lomonosov Crater</name>
    <code>Lom</code>
    <coords scheme="pc" lon="350.76" lat="65.04" />
    <type>crater</type>
  </landmark>
  <landmark>
    <name>Lowell Crater</name>
    <code>Low</code>
    <coords scheme="pc" lon="278.5" lat="-51.96" />
    <type>crater</type>
  </landmark>
  <landmark>
    <name>Lyot Crater</name>
    <code>Lyot</code>
    <coords scheme="pc" lon="29.34" lat="50.47" />
    <type>crater</type>
  </landmark>
  <landmark>
    <name>Milankovi&#x010d; Crater</name>
    <code>Mil</code>
    <coords scheme="pc" lon="213.42" lat="54.46" />
    <type>crater</type>
  </landmark>
  <landmark>
    <name>Newton Crater</name>
    <code>New</code>
    <coords scheme="pc" lon="201.97" lat="-40.5" />
    <type>crater</type>
  </landmark>
  <landmark>
    <name>Schiaparelli Crater</name>
    <code>Sch</code>
    <coords scheme="pc" lon="16.77" lat="-2.71" />
    <type>crater</type>
  </landmark>
  <landmark>
    <name>Tikhonravov Crater</name>
    <code>Tik</code>
    <coords scheme="pc" lon="35.93" lat="-13.28" />
    <type>crater</type>
  </landmark>
  <landmark>
    <name>de Vaucouleurs Crater</name>
    <code>Vau</code>
    <coords scheme="pc" lon="171.0" lat="-13.31" />
    <type>crater</type>
  </landmark>

<!-- Labyrinthus -->
  <landmark>
    <name>Noctis Labyrinthus</name>
    <code>Noc</code>
    <coords scheme="pc" lon="258.81" lat="-6.36" />
    <type>surface feature</type>
  </landmark>

<!-- Mensa -->
  <landmark>
    <name>Cydonia Mensae</name>
    <code>Cyd</code>
    <coords scheme="pc" lon="347.67" lat="34.56" />
    <type>surface feature</type>
  </landmark>

<!-- Mons and Tholus-->
  <landmark>
    <name>Alba Mons</name>
    <code>Alba</code>
    <coords scheme="pc" lon="249.29" lat="41.08" />
    <type>surface feature</type>
  </landmark>
  <landmark>
    <name>Albor Tholus</name>
    <code>Albo</code>
    <coords scheme="pc" lon="150.47" lat="18.87" />
    <type>surface feature</type>
  </landmark>
  <landmark>
    <name>Arsia Mons</name>
    <code>Ars</code>
    <coords scheme="pc" lon="239.91" lat="-8.26" />
    <type>surface feature</type>
  </landmark>
  <landmark>
    <name>Ascraeus Mons</name>
    <code>Asc</code>
    <coords scheme="pc" lon="255.92" lat="11.92" />
    <type>surface feature</type>
  </landmark>
  <landmark>
    <name>Elysium Mons</name>
    <code>Ely</code>
    <coords scheme="pc" lon="147.21" lat="25.02" />
    <type>surface feature</type>
  </landmark>
  <landmark>
    <name>Hariacus Mons</name>
    <code>Had</code>
    <coords scheme="pc" lon="91.86" lat="-31.29" />
    <type>surface feature</type>
  </landmark>
  <landmark>
    <name>Olympus Mons</name>
    <code>Oly</code>
    <coords scheme="pc" lon="226.2" lat="18.65" />
    <type>surface feature</type>
  </landmark>
  <landmark>
    <name>Pavonis Mons</name>
    <code>Pav</code>
    <coords scheme="pc" lon="247.04" lat="1.48" />
    <type>surface feature</type>
  </landmark>
  <landmark>
    <name>Xanthe Mons</name>
    <code>Xan</code>
    <coords scheme="pc" lon="305.08" lat="18.13" />
    <type>surface feature</type>
  </landmark>

<!-- Patera -->
  <landmark>
    <name>Apollinaris Patera</name>
    <code>Apo</code>
    <coords scheme="pc" lon="174.18" lat="-8.57" />
    <type>surface feature</type>
  </landmark>

<!-- Planitia -->
  <landmark>
    <name>Argyre Planitia</name>
    <code>Arg</code>
    <coords scheme="pc" lon="316.69" lat="-49.84" />
    <type>surface feature</type>
  </landmark>
  <landmark>
    <name>Chryse Planitia</name>
    <code>Chr</code>
    <coords scheme="pc" lon="319.69" lat="28.43" />
    <type>surface feature</type>
  </landmark>
  <landmark>
    <name>Hellas Planitia</name>
    <code>Hel</code>
    <coords scheme="pc" lon="70.5" lat="-42.43" />
    <type>surface feature</type>
  </landmark>
  <landmark>
    <name>Isidis Planitia</name>
    <code>Isi</code>
    <coords scheme="pc" lon="88.38" lat="13.94" />
    <type>surface feature</type>
  </landmark>
  <landmark>
    <name>Utopia Planitia</name>
    <code>Utop</code>
    <coords scheme="pc" lon="117.52" lat="46.73" />
    <type>surface feature</type>
  </landmark>

<!-- Planum -->
  <landmark>
    <name>Ophir Planum</name>
    <code>Oph</code>
    <coords scheme="pc" lon="302.18" lat="-8.45" />
    <type>surface feature</type>
  </landmark>
  <landmark>
    <name>Sinai Planum</name>
    <code>Sin</code>
    <coords scheme="pc" lon="272.24" lat="-13.72" />
    <type>surface feature</type>
  </landmark>
  <landmark>
    <name>Solis Planum</name>
    <code>Sol</code>
    <coords scheme="pc" lon="270.33" lat="-26.4" />
    <type>surface feature</type>
  </landmark>

<!-- Valles -->
  <landmark>
    <name>Valles Marineris</name>
    <code>Mar</code>
    <coords scheme="pc" lon="301.41" lat="-14.01" />
    <type>surface feature</type>
  </landmark>

</landmarklist>
